{
    "rmse": 0.6970968758376235,
    "mae": 0.5496019589902221,
    "r2": 0.22675011995492844
}